{
  "image_x0": 45,
  "image_x1": 5981,
  "image_y0": 37,
  "image_y1": 1975,
  "user_x0": 1749427200000,
  "user_x1": 1749577800000,
  "user_y0": 1.5270872040569903e-05,
  "user_y1": 1.8197583598502005e-05
}