{
  "image_x0": 45,
  "image_x1": 5981,
  "image_y0": 37,
  "image_y1": 1975,
  "user_x0": 1749427200000,
  "user_x1": 1749576900000,
  "user_y0": 104944.83919157462,
  "user_y1": 111023.8039178952
}