{
  "image_x0": 49,
  "image_x1": 5981,
  "image_y0": 40,
  "image_y1": 1974,
  "user_x0": 1752796800000,
  "user_x1": 1752954300000,
  "user_y0": 0.8876890269194943,
  "user_y1": 1.089157665384786
}