{
  "image_x0": 45,
  "image_x1": 5981,
  "image_y0": 37,
  "image_y1": 1975,
  "user_x0": 1749513600000,
  "user_x1": 1749607500000,
  "user_y0": 0.004474214378367425,
  "user_y1": 0.005058541089149155
}