{
  "image_x0": 45,
  "image_x1": 5981,
  "image_y0": 37,
  "image_y1": 1975,
  "user_x0": 1749513600000,
  "user_x1": 1749616200000,
  "user_y0": 0.005871639586857308,
  "user_y1": 0.008502013598413783
}