{
  "image_x0": 49,
  "image_x1": 5981,
  "image_y0": 40,
  "image_y1": 1974,
  "user_x0": 1751587200000,
  "user_x1": 1751749500000,
  "user_y0": 2464.528055542049,
  "user_y1": 2628.9372303063465
}