{
  "image_x0": 49,
  "image_x1": 5981,
  "image_y0": 40,
  "image_y1": 1974,
  "user_x0": 1751587200000,
  "user_x1": 1751749500000,
  "user_y0": 0.06177406701240429,
  "user_y1": 0.11147061395815976
}