{
  "image_x0": 49,
  "image_x1": 5981,
  "image_y0": 40,
  "image_y1": 1974,
  "user_x0": 1752796800000,
  "user_x1": 1752954300000,
  "user_y0": 0.08980801415512885,
  "user_y1": 0.0999446838780049
}