{
  "image_x0": 45,
  "image_x1": 5981,
  "image_y0": 37,
  "image_y1": 1975,
  "user_x0": 1749513600000,
  "user_x1": 1749630600000,
  "user_y0": 14.14407495038243,
  "user_y1": 15.656460243913974
}