{
  "image_x0": 45,
  "image_x1": 5981,
  "image_y0": 37,
  "image_y1": 1975,
  "user_x0": 1749513600000,
  "user_x1": 1749630600000,
  "user_y0": 88.58895671097936,
  "user_y1": 94.13485368111299
}