{
  "image_x0": 49,
  "image_x1": 5981,
  "image_y0": 40,
  "image_y1": 1974,
  "user_x0": 1753315200000,
  "user_x1": 1753475400000,
  "user_y0": 2.5618624360935933,
  "user_y1": 2.9828888420345407
}