{
  "image_x0": 45,
  "image_x1": 5981,
  "image_y0": 37,
  "image_y1": 1975,
  "user_x0": 1749427200000,
  "user_x1": 1749587100000,
  "user_y0": 2.34964648852849,
  "user_y1": 2.694463961122183
}