{
  "image_x0": 45,
  "image_x1": 5981,
  "image_y0": 37,
  "image_y1": 1975,
  "user_x0": 1749513600000,
  "user_x1": 1749646200000,
  "user_y0": 2.464485151377548,
  "user_y1": 2.6889954533673937
}