{
  "image_x0": 45,
  "image_x1": 5981,
  "image_y0": 37,
  "image_y1": 1975,
  "user_x0": 1749427200000,
  "user_x1": 1749577500000,
  "user_y0": 1.1250482295060003e-05,
  "user_y1": 1.3740167509759048e-05
}