{
  "image_x0": 49,
  "image_x1": 5981,
  "image_y0": 40,
  "image_y1": 1974,
  "user_x0": 1753315200000,
  "user_x1": 1753475400000,
  "user_y0": 0.33978082839541085,
  "user_y1": 0.46560260369637135
}