{
  "image_x0": 49,
  "image_x1": 5981,
  "image_y0": 40,
  "image_y1": 1974,
  "user_x0": 1753315200000,
  "user_x1": 1753475400000,
  "user_y0": 0.30115576762752944,
  "user_y1": 0.3517620892784922
}