{
  "image_x0": 45,
  "image_x1": 5981,
  "image_y0": 37,
  "image_y1": 1975,
  "user_x0": 1749513600000,
  "user_x1": 1749607500000,
  "user_y0": 1.2764572482818986e-05,
  "user_y1": 1.3511000128116271e-05
}