{
  "image_x0": 49,
  "image_x1": 5981,
  "image_y0": 40,
  "image_y1": 1974,
  "user_x0": 1751932800000,
  "user_x1": 1752046800000,
  "user_y0": 147.4994754622961,
  "user_y1": 154.2047868827478
}