{
  "image_x0": 49,
  "image_x1": 5981,
  "image_y0": 40,
  "image_y1": 1974,
  "user_x0": 1751932800000,
  "user_x1": 1752046800000,
  "user_y0": 2.7217194455525155,
  "user_y1": 2.837891643397169
}