{
  "image_x0": 49,
  "image_x1": 5981,
  "image_y0": 40,
  "image_y1": 1974,
  "user_x0": 1752796800000,
  "user_x1": 1752954300000,
  "user_y0": 3.1225263143999475,
  "user_y1": 3.3749473976011015
}