{
  "image_x0": 45,
  "image_x1": 5981,
  "image_y0": 37,
  "image_y1": 1975,
  "user_x0": 1749427200000,
  "user_x1": 1749577800000,
  "user_y0": 0.0005151420626259817,
  "user_y1": 0.000652137044636858
}