{
  "image_x0": 45,
  "image_x1": 5981,
  "image_y0": 37,
  "image_y1": 1975,
  "user_x0": 1749513600000,
  "user_x1": 1749607500000,
  "user_y0": 10.571732989403534,
  "user_y1": 11.103836519196719
}