{
  "image_x0": 49,
  "image_x1": 5981,
  "image_y0": 40,
  "image_y1": 1974,
  "user_x0": 1751587200000,
  "user_x1": 1751749500000,
  "user_y0": 6.727054107464998,
  "user_y1": 7.82586374323506
}