{
  "image_x0": 49,
  "image_x1": 5981,
  "image_y0": 40,
  "image_y1": 1974,
  "user_x0": 1752796800000,
  "user_x1": 1752954300000,
  "user_y0": 8.347280676338148,
  "user_y1": 11.045653301126755
}