{
  "image_x0": 45,
  "image_x1": 5981,
  "image_y0": 37,
  "image_y1": 1975,
  "user_x0": 1749427200000,
  "user_x1": 1749577800000,
  "user_y0": 0.3930459794917902,
  "user_y1": 0.4514549533575338
}