{
  "image_x0": 45,
  "image_x1": 5981,
  "image_y0": 37,
  "image_y1": 1975,
  "user_x0": 1749427200000,
  "user_x1": 1749577500000,
  "user_y0": 0.8546425764241435,
  "user_y1": 1.104535936362971
}