{
  "image_x0": 49,
  "image_x1": 5981,
  "image_y0": 40,
  "image_y1": 1974,
  "user_x0": 1752796800000,
  "user_x1": 1752954300000,
  "user_y0": 0.9635136092240965,
  "user_y1": 1.1502142062939735
}