{
  "image_x0": 45,
  "image_x1": 5981,
  "image_y0": 37,
  "image_y1": 1975,
  "user_x0": 1749427200000,
  "user_x1": 1749587100000,
  "user_y0": 3298.650041508143,
  "user_y1": 3350.3491283289895
}